Designator,Mid X,Mid Y,Rotation,Layer
Conn1,110.97945,-79.098019,0.0,top
GDN_pads1,110.88625,-79.62992,0.0,top
R1,132.3025,-102.61,180.0,top
R2,140.3225,-81.82,0.0,top
R3,132.7625,-61.35,0.0,top
R4,110.7525,-51.92,0.0,top
R5,87.8025,-62.3,0.0,top
R6,80.3125,-81.29,0.0,top
R7,89.26,-101.75,0.0,top
TH_externPads1,110.7825,-75.949474,0.0,top
